body,acidity,avg_rating
5,1,4.544094488188963
5,3,4.540159372628413
4,2,4.513525498891389
2,3,4.428947368421054
4,3,4.391436772444299
3,3,4.331879194630858
